jugador,diferencia_valor,valor_actual,valor_anterior,puja_maxima_rentable,posicion,team_id,href,prob,lesion,sancion
Jon Karrikaburu,-6861,555282,562143,625660,Delantero,16,https://www.futbolfantasy.com/jugadores/jon-karrikaburu,0%,-1,0
Nelson Deossa,8330,2118749,2110419,1908130,Mediocampista,4,https://www.futbolfantasy.com/jugadores/nelson-deossa,0%,-1,0
Pedro Bigas,-136118,4915525,5051643,5855955,Defensa,21,https://www.futbolfantasy.com/jugadores/pedro-bigas,50%,2,0
Filip Ugrinic,-40650,3793576,3834226,3994798,Mediocampista,18,https://www.futbolfantasy.com/jugadores/filip-ugrinic,70%,-1,0
Jon Gorrotxategi,-163206,6058408,6221614,7291428,Mediocampista,16,https://www.futbolfantasy.com/jugadores/jon-gorrotxategi,30%,1,0
Oriol Rey,-12053,713829,725882,805038,Mediocampista,10,https://www.futbolfantasy.com/jugadores/oriol-rey,50%,-1,0
Carlos Alvarez,14224,19756933,19742709,19146891,Mediocampista,10,https://www.futbolfantasy.com/jugadores/carlos-alvarez,0%,-1,0
Jorge Cabello,-17138,801935,819073,944005,Defensa,10,https://www.futbolfantasy.com/jugadores/jorge-cabello,10%,-1,0
Roger Brugue,-65002,2125478,2190480,2636743,Delantero,10,https://www.futbolfantasy.com/jugadores/roger-brugue,50%,-1,0
Tyrhys Dolan,-7508,5997765,6005273,6131213,Delantero,7,https://www.futbolfantasy.com/jugadores/tyrhys-dolan,80%,-1,0
Matias Dituro,68341,7640656,7572315,6722893,Portero,21,https://www.futbolfantasy.com/jugadores/matias-dituro,90%,-1,0
Junior Firpo,-63217,3381393,3444610,3810019,Defensa,4,https://www.futbolfantasy.com/jugadores/junior-firpo,20%,-1,0
Valentin Gomez,-30629,1721670,1752299,1920921,Defensa,4,https://www.futbolfantasy.com/jugadores/valentin-gomez,20%,-1,0
Manu Fernandez,-339,398763,399102,417372,Defensa,5,https://www.futbolfantasy.com/jugadores/manu-fernandez,0%,-1,0
Martim Neto,-30675,1612326,1643001,1768117,Mediocampista,21,https://www.futbolfantasy.com/jugadores/martim-neto,50%,-1,0
Ferran Jutgla,32444,9538995,9506551,9091401,Delantero,5,https://www.futbolfantasy.com/jugadores/ferran-jutgla,80%,-1,0
David Hancko,465175,38962449,38497274,34443065,Defensa,2,https://www.futbolfantasy.com/jugadores/david-hancko,80%,-1,0
Luiz Felipe,-78306,3656568,3734874,4115277,Defensa,14,https://www.futbolfantasy.com/jugadores/luiz-felipe,0%,0,0
Jonny Castro,65265,5465004,5399739,5554234,Defensa,28,https://www.futbolfantasy.com/jugadores/jonny-castro,70%,-1,0
Trent Alexander-Arnold,-141733,22639504,22781237,24386559,Defensa,15,https://www.futbolfantasy.com/jugadores/trent-alexander-arnold,50%,-1,0
Dean Huijsen,691730,33152189,32460459,30625952,Defensa,15,https://www.futbolfantasy.com/jugadores/dean-huijsen,70%,-1,0
Matteo Ruggeri,-106965,5849405,5956370,6747308,Defensa,2,https://www.futbolfantasy.com/jugadores/matteo-ruggeri,0%,-1,0
Jose Salinas,-7160,1024970,1032130,1070070,Defensa,11,https://www.futbolfantasy.com/jugadores/jose-salinas,0%,-1,0
Ivan Romero,47190,7411256,7364066,6830853,Delantero,10,https://www.futbolfantasy.com/jugadores/ivan-romero,70%,-1,0
Federico Redondo,-15479,853089,868568,959377,Mediocampista,21,https://www.futbolfantasy.com/jugadores/federico-redondo,0%,-1,0
Victor Garcia,-39944,1947078,1987022,2195519,Defensa,10,https://www.futbolfantasy.com/jugadores/victor-garcia,0%,-1,0
Yago Santiago,-5928,532902,538830,595877,Mediocampista,21,https://www.futbolfantasy.com/jugadores/yago-santiago,0%,0,0
Clemens Riedel,-70441,4462209,4532650,4981871,Defensa,7,https://www.futbolfantasy.com/jugadores/clemens-riedel,90%,-1,0
Aitor Mañas,-5800,529827,535627,562164,Delantero,28,https://www.futbolfantasy.com/jugadores/aitor-mañas,0%,-1,0
Roony Bardghji,-89667,2817166,2906833,3524317,Delantero,3,https://www.futbolfantasy.com/jugadores/roony-bardghji,0%,0,0
Aymeric Laporte,-783667,52391969,53175636,60373621,Defensa,1,https://www.futbolfantasy.com/jugadores/aymeric-laporte,30%,-1,0
Alemao,-75255,3584079,3659334,3883091,Delantero,14,https://www.futbolfantasy.com/jugadores/alemao,0%,-1,0
Grady Diangana,-30924,1132810,1163734,1364355,Delantero,21,https://www.futbolfantasy.com/jugadores/grady-diangana,0%,0,0
Antonio Sivera,461348,32054319,31592971,29984533,Portero,28,https://www.futbolfantasy.com/jugadores/antonio-sivera,95%,-1,0
Fabio Cardoso,-17371,807531,824902,949269,Defensa,17,https://www.futbolfantasy.com/jugadores/fabio-cardoso,0%,-1,0
Joaquin Oso,-145943,13060807,13206750,14053332,Defensa,17,https://www.futbolfantasy.com/jugadores/joaquin-oso,60%,-1,0
Carlos Soler,286947,32242528,31955581,30749207,Mediocampista,16,https://www.futbolfantasy.com/jugadores/carlos-soler,80%,-1,0
Alex Sancris,-9288,613543,622831,703191,Delantero,8,https://www.futbolfantasy.com/jugadores/alex-sancris,0%,-1,0
Tani Oluwaseyi,-54268,2687506,2741774,3055859,Delantero,22,https://www.futbolfantasy.com/jugadores/tani-oluwaseyi,30%,-1,0
Pablo Campos,-21935,1034132,1056067,1162470,Portero,10,https://www.futbolfantasy.com/jugadores/pablo-campos,10%,-1,0
Odysseas Vlachodimos,352292,18695893,18343601,15812916,Portero,17,https://www.futbolfantasy.com/jugadores/odysseas-vlachodimos,90%,-1,0
Kervin Arriaga,-57846,2486135,2543981,2823660,Mediocampista,10,https://www.futbolfantasy.com/jugadores/kervin-arriaga,0%,-1,0
Gabriel Suazo,-64514,5368218,5432732,5442409,Defensa,17,https://www.futbolfantasy.com/jugadores/gabriel-suazo,70%,-1,0
Renato Veiga,-487966,38705641,39193607,42898079,Defensa,22,https://www.futbolfantasy.com/jugadores/renato-veiga,80%,-1,0
Davinchi,-12604,3062471,3075075,3011603,Defensa,8,https://www.futbolfantasy.com/jugadores/davinchi,50%,-1,0
Josan Ferrandez,-28316,1070222,1098538,1204650,Mediocampista,21,https://www.futbolfantasy.com/jugadores/josan-ferrandez,0%,-1,0
Rodrigo Mendoza,-6640,842582,849222,876263,Mediocampista,2,https://www.futbolfantasy.com/jugadores/rodrigo-mendoza,0%,-1,0
Javi Rueda,38186,4333760,4295574,3758426,Defensa,5,https://www.futbolfantasy.com/jugadores/javi-rueda,60%,-1,0
Ionut Radu,-449309,38485562,38934871,39944017,Portero,5,https://www.futbolfantasy.com/jugadores/ionut-radu,0%,-1,0
Carlos Espi,166736,9036307,8869571,8335214,Delantero,15,https://www.futbolfantasy.com/jugadores/carlos-espi,0%,-1,0
Jeremy Toljan,-80208,4120478,4200686,4540422,Defensa,10,https://www.futbolfantasy.com/jugadores/jeremy-toljan,50%,-1,0
Marc Aguado,-27367,3498015,3525382,3509271,Mediocampista,21,https://www.futbolfantasy.com/jugadores/marc-aguado,70%,-1,0
Alvaro Nuñez,-61492,3568589,3630081,3934831,Defensa,5,https://www.futbolfantasy.com/jugadores/alvaro-nuñez,0%,-1,0
Martin Satriano,-597054,30474209,31071263,0,Delantero,8,https://www.futbolfantasy.com/jugadores/martin-satriano,80%,-1,0
Gerard Martin,560011,36332684,35772673,31374966,Defensa,3,https://www.futbolfantasy.com/jugadores/gerard-martin,80%,-1,0
Logan Costa,-25018,1227525,1252543,1379164,Defensa,22,https://www.futbolfantasy.com/jugadores/logan-costa,20%,-1,0
Luiz Junior,-394679,37638595,38033274,40870232,Portero,22,https://www.futbolfantasy.com/jugadores/luiz-junior,60%,-1,0
Jon Aramburu,216345,17679313,17462968,16261821,Defensa,16,https://www.futbolfantasy.com/jugadores/jon-aramburu,80%,-1,0
Juan Berrocal,-47327,1563574,1610901,0,Defensa,8,https://www.futbolfantasy.com/jugadores/juan-berrocal,0%,-1,0
Marash Kumbulla,-155252,5428462,5583714,0,Defensa,14,https://www.futbolfantasy.com/jugadores/marash-kumbulla,20%,1,0
Hugo Alvarez,-50755,2928041,2978796,3199407,Mediocampista,5,https://www.futbolfantasy.com/jugadores/hugo-alvarez,0%,-1,0
Javi Rodriguez,-73153,9069580,9142733,10037652,Defensa,5,https://www.futbolfantasy.com/jugadores/javi-rodriguez,80%,-1,0
Pablo Duran,-22819,996976,1019795,1200457,Delantero,5,https://www.futbolfantasy.com/jugadores/pablo-duran,10%,1,0
Natan,-588110,39241756,39829866,43549902,Defensa,4,https://www.futbolfantasy.com/jugadores/natan,80%,-1,0
Marc Bernal,266653,7413816,7147163,5585287,Mediocampista,3,https://www.futbolfantasy.com/jugadores/marc-bernal,60%,-1,0
Toni Martinez,208181,25258309,25050128,25475664,Delantero,28,https://www.futbolfantasy.com/jugadores/toni-martinez,0%,-1,0
Alfonso Gonzalez,-184762,5791303,5976065,7026761,Delantero,17,https://www.futbolfantasy.com/jugadores/alfonso-gonzalez,0%,1,0
Juan Musso,-86417,4336379,4422796,4988659,Portero,2,https://www.futbolfantasy.com/jugadores/juan-musso,10%,-1,0
Dani Olmo,-344480,62032134,62376614,66836129,Mediocampista,3,https://www.futbolfantasy.com/jugadores/dani-olmo,40%,-1,0
Mario Martin,36122,3942088,3905966,4015472,Mediocampista,8,https://www.futbolfantasy.com/jugadores/mario-martin,70%,-1,0
Leo Roman,373108,37202789,36829681,33401797,Portero,6,https://www.futbolfantasy.com/jugadores/leo-roman,0%,-1,0
Adama Boiro,-3971,485930,489901,530091,Defensa,1,https://www.futbolfantasy.com/jugadores/adama-boiro,30%,-1,0
Mikel Jauregizar,61232,28381768,28320536,27111278,Mediocampista,1,https://www.futbolfantasy.com/jugadores/mikel-jauregizar,0%,-1,0
Julian Alvarez,345726,70892654,70546928,69450658,Delantero,2,https://www.futbolfantasy.com/jugadores/julian-alvarez,0%,-1,0
Christantus Uche,-646175,19759660,20405835,24922611,Delantero,8,https://www.futbolfantasy.com/jugadores/christantus-uche,0%,-1,0
Jiri Letacek,-12221,683934,696155,785421,Portero,8,https://www.futbolfantasy.com/jugadores/jiri-letacek,5%,-1,0
Hugo Novoa,-21241,900401,921642,0,Defensa,28,https://www.futbolfantasy.com/jugadores/hugo-novoa,10%,-1,0
Moussa Diarra,-29190,1091180,1120370,0,Defensa,28,https://www.futbolfantasy.com/jugadores/moussa-diarra,0%,1,0
Giovani Lo Celso,-939377,35809514,36748891,41707837,Mediocampista,4,https://www.futbolfantasy.com/jugadores/giovani-lo-celso,20%,2,0
Pelayo Fernandez,-24630,996377,1021007,0,Defensa,14,https://www.futbolfantasy.com/jugadores/pelayo-fernandez,20%,-1,0
David Affengruber,-484945,32267932,32752877,32998757,Defensa,21,https://www.futbolfantasy.com/jugadores/david-affengruber,90%,-1,0
Cucho Hernandez,-296281,44120009,44416290,47374020,Delantero,4,https://www.futbolfantasy.com/jugadores/cucho-hernandez,60%,-1,0
Aleix Febas,114822,24493275,24378453,23101820,Mediocampista,5,https://www.futbolfantasy.com/jugadores/aleix-febas,50%,-1,0
John Chetauya,-11477,666083,677560,766842,Defensa,21,https://www.futbolfantasy.com/jugadores/john-chetauya,0%,-1,0
Bambo Diaby,-23806,1043497,1067303,1199869,Defensa,21,https://www.futbolfantasy.com/jugadores/bambo-diaby,0%,-1,0
Youssef Enriquez,-4324,495702,500026,499589,Defensa,28,https://www.futbolfantasy.com/jugadores/youssef-enriquez,30%,-1,0
Alassane Diatta,-6465,545793,552258,581656,Mediocampista,22,https://www.futbolfantasy.com/jugadores/alassane-diatta,0%,-1,1
Andres Castrin,-98635,4270691,4369326,4823016,Defensa,17,https://www.futbolfantasy.com/jugadores/andres-castrin,0%,-1,0
Fran Gonzalez,-11071,656336,667407,688898,Portero,17,https://www.futbolfantasy.com/jugadores/fran-gonzalez,0%,-1,0
Adrian Niño,-68661,2416394,2485055,2742783,Delantero,11,https://www.futbolfantasy.com/jugadores/adrian-niño,0%,-1,0
Ruben Gomez,-6978,558104,565082,602292,Portero,22,https://www.futbolfantasy.com/jugadores/ruben-gomez,0%,-1,0
Miguel Roman,-18487,5427027,5445514,5143108,Mediocampista,5,https://www.futbolfantasy.com/jugadores/miguel-roman,70%,-1,0
Tajon Buchanan,-214709,18056991,18271700,19356221,Mediocampista,22,https://www.futbolfantasy.com/jugadores/tajon-buchanan,40%,-1,0
Orri Steinn Oskarsson,-98160,7613765,7711925,8398015,Delantero,16,https://www.futbolfantasy.com/jugadores/orri-steinn-oskarsson,0%,-1,0
German Valera,-126691,23175686,23302377,23608513,Mediocampista,21,https://www.futbolfantasy.com/jugadores/german-valera,90%,-1,0
Antony,390763,59139209,58748446,60565486,Delantero,4,https://www.futbolfantasy.com/jugadores/antony,70%,-1,0
Maroan Sannadi,-1216,419818,421034,445392,Delantero,1,https://www.futbolfantasy.com/jugadores/maroan-sannadi,0%,-1,0
Pablo Ramon,-4104,506447,510551,540217,Defensa,42,https://www.futbolfantasy.com/jugadores/pablo-ramon,90%,-1,0
Ruben Vargas,-483631,25397045,25880676,27713157,Delantero,17,https://www.futbolfantasy.com/jugadores/ruben-vargas,40%,-1,0
Facundo Garces,-8703,599497,608200,684501,Defensa,28,https://www.futbolfantasy.com/jugadores/facundo-garces,0%, -1 ,0
Roberto Fernandez,185742,7314548,7128806,6100590,Delantero,7,https://www.futbolfantasy.com/jugadores/roberto-fernandez,0%,-1,0
Raul Asencio,-122235,4322327,4444562,5328660,Defensa,15,https://www.futbolfantasy.com/jugadores/raul-asencio,0%,-1,0
Wojciech Szczesny,-49925,2258768,2308693,2618810,Portero,3,https://www.futbolfantasy.com/jugadores/wojciech-szczesny,20%,-1,0
Karl Etta Eyong,96844,25796063,25699219,23935758,Delantero,10,https://www.futbolfantasy.com/jugadores/karl-etta-eyong,0%,-1,0
Pau Navarro,-136595,8859399,8995994,9518522,Defensa,22,https://www.futbolfantasy.com/jugadores/pau-navarro,30%,-1,0
Julio Diaz,-2838,458748,461586,477990,Defensa,17,https://www.futbolfantasy.com/jugadores/julio-diaz,30%,-1,0
Zaid Romero,-111289,27950546,28061835,30116266,Defensa,8,https://www.futbolfantasy.com/jugadores/zaid-romero,90%,-1,0
Luka Sucic,-45773,3492537,3538310,3699668,Mediocampista,16,https://www.futbolfantasy.com/jugadores/luka-sucic,50%,-1,0
Gabriel Moscardo,-244869,9004806,9249675,10609746,Mediocampista,7,https://www.futbolfantasy.com/jugadores/gabriel-moscardo,10%,-1,0
Arouna Sangante,-13742,8724501,8738243,0,Defensa,17,https://www.futbolfantasy.com/jugadores/arouna-sangante,70%,-1,0
Yan Diomande,-861595,85961638,86823233,0,Delantero,15,https://www.futbolfantasy.com/jugadores/yan-diomande,0%,-1,0
Pedro Felipe,-50808,2531500,2582308,0,Defensa,42,https://www.futbolfantasy.com/jugadores/pedro-felipe,30%,1,0
Andres Garcia,-134372,8826688,8961060,0,Mediocampista,8,https://www.futbolfantasy.com/jugadores/andres-garcia,80%,-1,0
Orel Mangala,-108022,10726332,10834354,0,Mediocampista,8,https://www.futbolfantasy.com/jugadores/orel-mangala,80%,-1,0
Saba Sazonov,-33374,1191615,1224989,0,Defensa,8,https://www.futbolfantasy.com/jugadores/saba-sazonov,30%,-1,0
Marcos Fernandez,-35320,1365047,1400367,0,Delantero,7,https://www.futbolfantasy.com/jugadores/marcos-fernandez,0%,-1,0
Angeliño,99300,15509670,15410370,0,Defensa,6,https://www.futbolfantasy.com/jugadores/angeliño,0%,-1,0
Mikel Rodriguez,20543,841502,820959,0,Mediocampista,28,https://www.futbolfantasy.com/jugadores/mikel-rodriguez,0%,-1,0
Peter Gulacsi,-5465,4246704,4252169,0,Portero,22,https://www.futbolfantasy.com/jugadores/peter-gulacsi,40%,-1,0
Aliou Dieng,-118560,4477481,4596041,5216586,Mediocampista,18,https://www.futbolfantasy.com/jugadores/aliou-dieng,0%,-1,0
Alex Grimaldo,-187399,46532747,46720146,0,Defensa,2,https://www.futbolfantasy.com/jugadores/alex-grimaldo,0%,-1,0
Justin De Haas,-7010,9180190,9187200,8531553,Defensa,18,https://www.futbolfantasy.com/jugadores/justin-de-haas,0%,-1,0
Lorenzo Amatucci,76854,13105235,13028381,11985557,Mediocampista,6,https://www.futbolfantasy.com/jugadores/lorenzo-amatucci,0%,-1,0
Bernardo Silva,1123107,55749548,54626441,46105845,Mediocampista,15,https://www.futbolfantasy.com/jugadores/bernardo-silva,0%,-1,0
Morten Hjulmand,258392,36833604,36575212,33433073,Mediocampista,2,https://www.futbolfantasy.com/jugadores/morten-hjulmand,0%,-1,0
Alex Calatrava,13487,3992594,3979107,3630255,Delantero,7,https://www.futbolfantasy.com/jugadores/alex-calatrava,0%,-1,0
Pierre-Emerick Aubameyang,1093046,33702546,32609500,25824916,Delantero,6,https://www.futbolfantasy.com/jugadores/pierre-emerick-aubameyang,0%,-1,0
Ibrahima Konate,-205985,48529231,48735216,45605906,Defensa,15,https://www.futbolfantasy.com/jugadores/ibrahima-konate,0%,-1,0
Marc Cucurella,-649569,80951890,81601459,82154183,Defensa,15,https://www.futbolfantasy.com/jugadores/marc-cucurella,0%,-1,0
Quilindschy Hartman,-204106,8549027,8753133,9774252,Defensa,7,https://www.futbolfantasy.com/jugadores/quilindschy-hartman,30%,-1,0
Denzel Dumfries,-916903,56117817,57034720,64912631,Defensa,15,https://www.futbolfantasy.com/jugadores/denzel-dumfries,0%,-1,0
Nicolas Valentini,-33164,1186569,1219733,0,Defensa,28,https://www.futbolfantasy.com/jugadores/nicolas-valentini,30%,-1,0
Bright Ede,-32124,2768765,2800889,0,Defensa,6,https://www.futbolfantasy.com/jugadores/bright-ede,0%,-1,0
David Larrubia,-864885,52687934,53552819,55397796,Mediocampista,11,https://www.futbolfantasy.com/jugadores/david-larrubia,0%,-1,0
Manolo Gonzalez,-29103,1089101,1118204,1336050,Entrenador,7,https://www.futbolfantasy.com/jugadores/manolo-gonzalez,0%,-1,0
Carlos Corberan,-11733,672208,683941,781262,Entrenador,18,https://www.futbolfantasy.com/jugadores/carlos-corberan,0%,-1,0
Luis Garcia,-18535,835465,854000,998520,Entrenador,17,https://www.futbolfantasy.com/jugadores/luis-garcia,0%,-1,0
Pellegrino Matarazzo,-136708,3720299,3857007,4786960,Entrenador,16,https://www.futbolfantasy.com/jugadores/pellegrino-matarazzo,0%,-1,0
Jose Mourinho,-411670,13258503,13670173,16680918,Entrenador,15,https://www.futbolfantasy.com/jugadores/jose-mourinho,0%,-1,0
Beñat San Jose,-48766,1561011,1609777,1964049,Entrenador,14,https://www.futbolfantasy.com/jugadores/beñat-san-jose,0%,-1,0
Jose Alberto Lopez,-22616,933405,956021,1128855,Entrenador,42,https://www.futbolfantasy.com/jugadores/jose-alberto-lopez,0%,-1,0
Luis Miguel Ramis,-41720,1391898,1433618,1739001,Entrenador,13,https://www.futbolfantasy.com/jugadores/luis-miguel-ramis,0%,-1,0
Juan Funes,-35537,1243528,1279065,1541555,Entrenador,11,https://www.futbolfantasy.com/jugadores/juan-funes,0%,-1,0
Luis Castro,-34932,1228985,1263917,1522201,Entrenador,10,https://www.futbolfantasy.com/jugadores/luis-castro,0%,-1,0
Pepe Bordalas,-1681364,40743354,42424718,54106540,Entrenador,8,https://www.futbolfantasy.com/jugadores/pepe-bordalas,0%,-1,0
Martin Anselmi,-48766,1561011,1609777,1964049,Entrenador,21,https://www.futbolfantasy.com/jugadores/martin-anselmi,0%,-1,0
Jonathan Asp Jensen,-137077,6210942,6348019,0,Mediocampista,6,https://www.futbolfantasy.com/jugadores/jonathan-asp-jensen,0%,-1,0
Antonio Hidalgo,-49550,1579834,1629384,1989100,Entrenador,6,https://www.futbolfantasy.com/jugadores/antonio-hidalgo,0%,-1,0
Claudio Giraldez,-78921,2284741,2363662,2905854,Entrenador,5,https://www.futbolfantasy.com/jugadores/claudio-giraldez,0%,-1,0
Manuel Pellegrini,-142833,4178312,4321145,5256417,Entrenador,4,https://www.futbolfantasy.com/jugadores/manuel-pellegrini,0%,-1,0
Hansi Flick,-252985,9437818,9690803,11450922,Entrenador,3,https://www.futbolfantasy.com/jugadores/hansi-flick,0%,-1,0
Diego Simeone,-170953,5554150,5725103,6913032,Entrenador,2,https://www.futbolfantasy.com/jugadores/diego-simeone,0%,-1,0
Edin Terzic,-294694,7463293,7757987,9798180,Entrenador,1,https://www.futbolfantasy.com/jugadores/edin-terzic,0%,-1,0
Quique Sanchez,-18535,835465,854000,998520,Entrenador,28,https://www.futbolfantasy.com/jugadores/quique-sanchez,0%,-1,0
Robbie Ure,-15330,11876353,11891683,0,Delantero,17,https://www.futbolfantasy.com/jugadores/robbie-ure,0%,-1,0
Yassir Zabiri,-127147,5462751,5589898,0,Delantero,42,https://www.futbolfantasy.com/jugadores/yassir-zabiri,20%,-1,0
Fernando Niño,-271097,14639729,14910826,0,Delantero,21,https://www.futbolfantasy.com/jugadores/fernando-niño,0%,-1,0
Facundo Buonanotte,-119064,6830769,6949833,0,Mediocampista,21,https://www.futbolfantasy.com/jugadores/facundo-buonanotte,40%,-1,0
Yeremay Hernandez,-542431,50073937,50616368,57916612,Delantero,6,https://www.futbolfantasy.com/jugadores/yeremay-hernandez,0%,2,0
Chupete,-874536,49795130,50669666,53207243,Delantero,11,https://www.futbolfantasy.com/jugadores/chupete,80%,-1,0
Sebastian Boselli,-69826,2580106,2649932,2893999,Defensa,8,https://www.futbolfantasy.com/jugadores/sebastian-boselli,40%,-1,0
Miguel Loureiro,-69980,3645119,3715099,3797903,Defensa,6,https://www.futbolfantasy.com/jugadores/miguel-loureiro,50%,-1,0
Charlie Patino,-4675,502825,507500,552030,Mediocampista,6,https://www.futbolfantasy.com/jugadores/charlie-patino,0%,-1,0
Mario Soriano,359429,26835811,26476382,24211070,Mediocampista,6,https://www.futbolfantasy.com/jugadores/mario-soriano,80%,-1,0
David Mella,37821,3425320,3387499,3170014,Mediocampista,6,https://www.futbolfantasy.com/jugadores/david-mella,30%,-1,0
Jose Angel Jurado,-24508,978812,1003320,1157287,Mediocampista,6,https://www.futbolfantasy.com/jugadores/jose-angel-jurado,0%,-1,0
Diego Villares,-48657,2442046,2490703,2732925,Mediocampista,6,https://www.futbolfantasy.com/jugadores/diego-villares,0%,-1,0
Riki Rodriguez,-24485,978275,1002760,1137858,Mediocampista,6,https://www.futbolfantasy.com/jugadores/riki-rodriguez,0%,-1,0
Ximo Navarro,3337,5559933,5556596,5495315,Defensa,6,https://www.futbolfantasy.com/jugadores/ximo-navarro,70%,-1,0
Dani Barcia,-25969,1277343,1303312,1453320,Defensa,6,https://www.futbolfantasy.com/jugadores/dani-barcia,20%,-1,0
Arnau Comas,-12683,695032,707715,807063,Defensa,6,https://www.futbolfantasy.com/jugadores/arnau-comas,20%,-1,0
Lucas Noubi,241675,12768825,12527150,11213925,Defensa,6,https://www.futbolfantasy.com/jugadores/lucas-noubi,80%,-1,0
Giacomo Quagliata,-56461,3188395,3244856,3280994,Defensa,6,https://www.futbolfantasy.com/jugadores/giacomo-quagliata,50%,-1,0
Zakaria Eddahchouri,-33246,1822654,1855900,2030798,Delantero,6,https://www.futbolfantasy.com/jugadores/zakaria-eddahchouri,30%,-1,0
German Parreño,-8120,585515,593635,650238,Portero,6,https://www.futbolfantasy.com/jugadores/german-parreño,0%,-1,0
Buba Sangare,-38274,3744792,3783066,4015501,Defensa,21,https://www.futbolfantasy.com/jugadores/buba-sangare,70%,-1,0
Matias Vecino,-52667,1934170,1986837,2302410,Mediocampista,5,https://www.futbolfantasy.com/jugadores/matias-vecino,20%,1,0
Obed Vargas,-7402,815301,822703,924399,Mediocampista,2,https://www.futbolfantasy.com/jugadores/obed-vargas,20%,-1,0
Ademola Lookman,-1056061,75128940,76185001,78117316,Delantero,2,https://www.futbolfantasy.com/jugadores/ademola-lookman,80%,-1,0
Tete Morente,-49214,1855238,1904452,2190374,Delantero,21,https://www.futbolfantasy.com/jugadores/tete-morente,40%,-1,0
Alvaro Fidalgo,-42273,2607134,2649407,2865103,Mediocampista,4,https://www.futbolfantasy.com/jugadores/alvaro-fidalgo,0%,-1,0
Ville Koski,48622,844958,796336,803089,Defensa,28,https://www.futbolfantasy.com/jugadores/ville-koski,80%,-1,0
Alex Freeman,-46543,2364794,2411337,2672837,Defensa,22,https://www.futbolfantasy.com/jugadores/alex-freeman,30%,-1,0
Lucas Cepeda,-19946,1063405,1083351,1118312,Delantero,21,https://www.futbolfantasy.com/jugadores/lucas-cepeda,60%,-1,0
Angel Perez,-66096,6532123,6598219,7101686,Delantero,28,https://www.futbolfantasy.com/jugadores/angel-perez,0%,-1,0
Luismi Cruz,-14016,5990327,6004343,5918453,Delantero,6,https://www.futbolfantasy.com/jugadores/luismi-cruz,70%,-1,0
Alfonso Herrero,56609,8379891,8323282,7480451,Portero,11,https://www.futbolfantasy.com/jugadores/alfonso-herrero,80%,-1,0
Sergio Canales,527833,24117278,23589445,19400649,Mediocampista,42,https://www.futbolfantasy.com/jugadores/sergio-canales,80%,-1,0
Simon Eriksson,-49305,2858799,2908104,2918400,Portero,42,https://www.futbolfantasy.com/jugadores/simon-eriksson,30%,-1,0
Giorgi Guliashvili,-61066,1958060,2019126,2437773,Delantero,42,https://www.futbolfantasy.com/jugadores/giorgi-guliashvili,0%,1,0
Juan Carlos Arana,-12631,769905,782536,841922,Delantero,42,https://www.futbolfantasy.com/jugadores/juan-carlos-arana,30%,-1,0
Iñigo Vicente,68282,19337966,19269684,18753390,Delantero,42,https://www.futbolfantasy.com/jugadores/iñigo-vicente,0%,-1,0
Gustavo Puerta,145823,12954478,12808655,11597456,Mediocampista,42,https://www.futbolfantasy.com/jugadores/gustavo-puerta,90%,-1,0
Maguette Gueye,-78192,4010031,4088223,4257423,Mediocampista,42,https://www.futbolfantasy.com/jugadores/maguette-gueye,50%,-1,0
Facundo Gonzalez,-55794,3003988,3059782,3101160,Defensa,42,https://www.futbolfantasy.com/jugadores/facundo-gonzalez,20%,-1,0
Jorge Salinas,26885,5601382,5574497,6022356,Defensa,42,https://www.futbolfantasy.com/jugadores/jorge-salinas,90%,-1,0
Manu Hernando,-25050,1718374,1743424,1912863,Defensa,42,https://www.futbolfantasy.com/jugadores/manu-hernando,70%,-1,0
Iñigo Sainz-Maza,-14375,735621,749996,846569,Defensa,42,https://www.futbolfantasy.com/jugadores/iñigo-sainz-maza,0%,-1,0
Alvaro Mantilla,989,2794037,2793048,2524269,Defensa,42,https://www.futbolfantasy.com/jugadores/alvaro-mantilla,0%,-1,0
Haitam Abaida,-1126,417651,418777,442507,Delantero,11,https://www.futbolfantasy.com/jugadores/haitam-abaida,20%,-1,0
Carlos Lopez,274,384059,383785,397803,Portero,11,https://www.futbolfantasy.com/jugadores/carlos-lopez,20%,-1,0
Eneko Jauregi,-33053,1273540,1306593,1507041,Delantero,11,https://www.futbolfantasy.com/jugadores/eneko-jauregi,20%,-1,0
Julen Lobete,-15358,759210,774568,877376,Delantero,11,https://www.futbolfantasy.com/jugadores/julen-lobete,20%,-1,0
Joaquin Muñoz,-122660,6581895,6704555,7353311,Delantero,11,https://www.futbolfantasy.com/jugadores/joaquin-muñoz,0%,-1,0
Ramon Enriquez,-17184,803052,820236,881574,Mediocampista,11,https://www.futbolfantasy.com/jugadores/ramon-enriquez,50%,-1,0
Dani Lorenzo,-35102,9681364,9716466,9354977,Mediocampista,11,https://www.futbolfantasy.com/jugadores/dani-lorenzo,0%,-1,0
Izan Merino,-100448,6231131,6331579,6669344,Mediocampista,11,https://www.futbolfantasy.com/jugadores/izan-merino,0%,-1,0
Alex Pastor,1319,377641,376322,388269,Defensa,11,https://www.futbolfantasy.com/jugadores/alex-pastor,0%,-1,0
Dani Sanchez,-13101,705041,718142,815637,Defensa,11,https://www.futbolfantasy.com/jugadores/dani-sanchez,30%,-1,0
Einar Galilea,-60246,3841078,3901324,4122737,Defensa,11,https://www.futbolfantasy.com/jugadores/einar-galilea,80%,-1,0
Diego Murillo,-58650,1959345,2017995,2422879,Defensa,11,https://www.futbolfantasy.com/jugadores/diego-murillo,0%,0,0
Carlos Puga,-72652,5170493,5243145,5527061,Defensa,11,https://www.futbolfantasy.com/jugadores/carlos-puga,70%,-1,0
Alvaro Fernandez,-67812,4582647,4650459,5131138,Portero,6,https://www.futbolfantasy.com/jugadores/alvaro-fernandez,20%,-1,0
Georges Mikautadze,237605,63027152,62789547,57967425,Delantero,22,https://www.futbolfantasy.com/jugadores/georges-mikautadze,80%,-1,0
Pedro Diaz,-22761,1738489,1761250,1926200,Mediocampista,14,https://www.futbolfantasy.com/jugadores/pedro-diaz,40%,-1,0
Williot Swedberg,-84238,7948266,8032504,8326849,Mediocampista,5,https://www.futbolfantasy.com/jugadores/williot-swedberg,50%,-1,0
Eric Garcia,27063,44561815,44534752,47294864,Defensa,3,https://www.futbolfantasy.com/jugadores/eric-garcia,50%,-1,0
Yangel Herrera,-30854,3025629,3056483,3160339,Mediocampista,16,https://www.futbolfantasy.com/jugadores/yangel-herrera,50%,-1,0
Juan Iglesias,34300,11842262,11807962,12548352,Defensa,17,https://www.futbolfantasy.com/jugadores/juan-iglesias,80%,-1,0
Borja Mayoral,-53035,2912333,2965368,3026716,Delantero,8,https://www.futbolfantasy.com/jugadores/borja-mayoral,50%,-1,0
David Soria,480959,20457679,19976720,19296354,Portero,8,https://www.futbolfantasy.com/jugadores/david-soria,95%,-1,0
Jose Angel Carmona,-72827,4264488,4337315,4472138,Defensa,17,https://www.futbolfantasy.com/jugadores/jose-angel-carmona,0%,-1,0
Carles Aleña,-75303,3805513,3880816,3989422,Mediocampista,28,https://www.futbolfantasy.com/jugadores/carles-aleña,0%,-1,0
Enes Unal,-40057,12406202,12446259,0,Delantero,8,https://www.futbolfantasy.com/jugadores/enes-unal,50%,-1,0
Dakonam Djene,125493,8779040,8653547,8432492,Defensa,8,https://www.futbolfantasy.com/jugadores/dakonam-djene,80%,-1,0
Miguel Rodriguez,-89606,3055637,3145243,0,Delantero,28,https://www.futbolfantasy.com/jugadores/miguel-rodriguez,0%,-1,0
Ivan Villar,-22935,941062,963997,1071922,Portero,5,https://www.futbolfantasy.com/jugadores/ivan-villar,0%,-1,0
Miguel Angel Rubio,-6717,551834,558551,621073,Defensa,7,https://www.futbolfantasy.com/jugadores/miguel-angel-rubio,0%,-1,0
Iago Aspas,-66284,7091817,7158101,7698751,Delantero,5,https://www.futbolfantasy.com/jugadores/iago-aspas,40%,-1,0
Carles Perez,-31340,1142781,1174121,1384178,Delantero,5,https://www.futbolfantasy.com/jugadores/carles-perez,0%,-1,0
Carlos Dotor,-102480,3446305,3548785,4014904,Mediocampista,11,https://www.futbolfantasy.com/jugadores/carlos-dotor,0%,0,0
Unai Nuñez,32477,3706754,3674277,3638425,Defensa,7,https://www.futbolfantasy.com/jugadores/unai-nuñez,0%,-1,0
Carl Starfelt,87751,14070986,13983235,12939598,Defensa,5,https://www.futbolfantasy.com/jugadores/carl-starfelt,60%,-1,0
Victor Chust,-44124,4618879,4663003,5019376,Defensa,21,https://www.futbolfantasy.com/jugadores/victor-chust,80%,-1,0
Robert Navarro,-3330,2127538,2130868,2065481,Mediocampista,1,https://www.futbolfantasy.com/jugadores/robert-navarro,0%,-1,0
Aitor Ruibal,-65895,2212557,2278452,2733279,Delantero,4,https://www.futbolfantasy.com/jugadores/aitor-ruibal,0%,0,0
Isco Alarcon,-297900,54601302,54899202,57538506,Mediocampista,4,https://www.futbolfantasy.com/jugadores/isco-alarcon,50%,-1,0
Marc Roca,5726,5409461,5403735,5086282,Mediocampista,4,https://www.futbolfantasy.com/jugadores/marc-roca,60%,-1,0
Lucas Boye,-330894,11663227,11994121,13826038,Delantero,28,https://www.futbolfantasy.com/jugadores/lucas-boye,50%,-1,0
Sergi Cardona,-27503,4657132,4684635,4786269,Defensa,22,https://www.futbolfantasy.com/jugadores/sergi-cardona,30%,-1,0
Marc Bartra,-110070,27776249,27886319,27206681,Defensa,4,https://www.futbolfantasy.com/jugadores/marc-bartra,0%,-1,0
Ante Budimir,514479,51492940,50978461,46945550,Delantero,13,https://www.futbolfantasy.com/jugadores/ante-budimir,90%,-1,0
Dani Cardenas,-7853,579107,586960,642135,Portero,14,https://www.futbolfantasy.com/jugadores/dani-cardenas,5%,-1,0
Randy Nteka,-3801,1252537,1256338,1373628,Delantero,14,https://www.futbolfantasy.com/jugadores/randy-nteka,50%,-1,0
Isi Palazon,390565,19707731,19317166,15904226,Delantero,14,https://www.futbolfantasy.com/jugadores/isi-palazon,80%,-1,0
Andrei Ratiu,80855,35678553,35597698,35997209,Defensa,14,https://www.futbolfantasy.com/jugadores/andrei-ratiu,0%,-1,0
Stole Dimitrievski,278144,14676072,14397928,12050975,Portero,18,https://www.futbolfantasy.com/jugadores/stole-dimitrievski,90%,-1,0
Iker Muñoz,-22087,1339790,1361877,1408000,Mediocampista,13,https://www.futbolfantasy.com/jugadores/iker-muñoz,0%,-1,0
Jorge Herrando,-35605,1636106,1671711,1852746,Defensa,13,https://www.futbolfantasy.com/jugadores/jorge-herrando,50%,-1,0
Alejandro Catena,-284080,33665080,33949160,35765188,Defensa,13,https://www.futbolfantasy.com/jugadores/alejandro-catena,80%,-1,0
Johan Mojica,-180611,11541449,11722060,0,Defensa,8,https://www.futbolfantasy.com/jugadores/johan-mojica,50%,-1,0
Pablo Ibañez,26742,3315548,3288806,3250688,Mediocampista,28,https://www.futbolfantasy.com/jugadores/pablo-ibañez,0%,-1,0
Moi Gomez,-39231,1957316,1996547,2183965,Mediocampista,13,https://www.futbolfantasy.com/jugadores/moi-gomez,30%,-1,0
Javi Muñoz,-9062,608115,617177,689925,Mediocampista,8,https://www.futbolfantasy.com/jugadores/javi-muñoz,0%,-1,0
Ruben Garcia,97404,13955598,13858194,13014245,Mediocampista,13,https://www.futbolfantasy.com/jugadores/ruben-garcia,60%,-1,0
Aitor Fernandez,-4314,494152,498466,534186,Portero,13,https://www.futbolfantasy.com/jugadores/aitor-fernandez,30%,-1,0
Jesus Areso,14857,2895688,2880831,2630613,Defensa,1,https://www.futbolfantasy.com/jugadores/jesus-areso,0%,-1,0
Kike Barja,-63081,2450279,2513360,2810828,Delantero,13,https://www.futbolfantasy.com/jugadores/kike-barja,30%,-1,0
Aimar Oroz,72397,16079326,16006929,15159453,Mediocampista,13,https://www.futbolfantasy.com/jugadores/aimar-oroz,70%,-1,0
Jon Moncayola,41826,6898094,6856268,6341824,Mediocampista,13,https://www.futbolfantasy.com/jugadores/jon-moncayola,90%,-1,0
Lucas Torro,-35193,2431793,2466986,2573160,Mediocampista,13,https://www.futbolfantasy.com/jugadores/lucas-torro,0%,-1,0
Sergio Herrera,-266102,39336407,39602509,39038859,Portero,13,https://www.futbolfantasy.com/jugadores/sergio-herrera,70%,-1,0
Jose Manuel Copete,-58472,1819185,1877657,2276225,Defensa,18,https://www.futbolfantasy.com/jugadores/jose-manuel-copete,0%,0,0
Alvaro Valles,304481,33417989,33113508,29497248,Portero,4,https://www.futbolfantasy.com/jugadores/alvaro-valles,95%,-1,0
Alberto Moleiro,125538,67526058,67400520,62302917,Mediocampista,22,https://www.futbolfantasy.com/jugadores/alberto-moleiro,60%,-1,0
Juan Cruz,-115182,15454450,15569632,0,Mediocampista,11,https://www.futbolfantasy.com/jugadores/juan-cruz,0%,-1,0
Ayoze Perez,355865,17707889,17352024,15847028,Delantero,22,https://www.futbolfantasy.com/jugadores/ayoze-perez,50%,-1,0
Alvaro Garcia,497496,18708849,18211353,17388052,Mediocampista,14,https://www.futbolfantasy.com/jugadores/alvaro-garcia,70%,-1,0
Marc Pubill,-602560,58180401,58782961,65815302,Defensa,2,https://www.futbolfantasy.com/jugadores/marc-pubill,50%,-1,0
Gorka Guruzeta,216855,14004638,13787783,12781696,Delantero,1,https://www.futbolfantasy.com/jugadores/gorka-guruzeta,80%,-1,0
Nico Williams,-605335,62990083,63595418,70216837,Delantero,1,https://www.futbolfantasy.com/jugadores/nico-williams,50%,-1,0
Iñaki Williams,-113485,27247175,27360660,28938564,Delantero,1,https://www.futbolfantasy.com/jugadores/iñaki-williams,0%,-1,0
Abel Bretones,67701,3932235,3864534,3152348,Defensa,13,https://www.futbolfantasy.com/jugadores/abel-bretones,80%,-1,0
Oihan Sancet,-786904,46218434,47005338,52085174,Mediocampista,1,https://www.futbolfantasy.com/jugadores/oihan-sancet,70%,-1,0
Alex Berenguer,-92118,8838475,8930593,9432183,Delantero,1,https://www.futbolfantasy.com/jugadores/alex-berenguer,30%,-1,0
Yeray Alvarez,29303,4741183,4711880,4278560,Defensa,1,https://www.futbolfantasy.com/jugadores/yeray-alvarez,0%,-1,0
Aitor Paredes,79557,5221160,5141603,4499360,Defensa,1,https://www.futbolfantasy.com/jugadores/aitor-paredes,0%,-1,0
Dani Vivian,-296099,10216442,10512541,12575157,Defensa,1,https://www.futbolfantasy.com/jugadores/dani-vivian,30%,1,0
Unai Simon,-619025,53413260,54032285,58575310,Portero,1,https://www.futbolfantasy.com/jugadores/unai-simon,90%,-1,0
Adrian Rodriguez,-25215,995792,1021007,0,Portero,28,https://www.futbolfantasy.com/jugadores/adrian-rodriguez,0%,-1,0
Iñigo Ruiz De Galarreta,40598,12465541,12424943,11516924,Mediocampista,1,https://www.futbolfantasy.com/jugadores/iñigo-ruiz-de-galarreta,0%,-1,0
Jesus Owono,-20354,899321,919675,0,Portero,28,https://www.futbolfantasy.com/jugadores/jesus-owono,5%,-1,0
Carlos Benavidez,-78092,2620909,2699001,3011588,Mediocampista,28,https://www.futbolfantasy.com/jugadores/carlos-benavidez,10%,-1,0
Abde Rebbach,-38576,3650488,3689064,4155740,Delantero,28,https://www.futbolfantasy.com/jugadores/abde-rebbach,70%,-1,0
Jon Guridi,168450,5016985,4848535,5019315,Mediocampista,17,https://www.futbolfantasy.com/jugadores/jon-guridi,70%,2,0
Kike Garcia,-107720,3401331,3509051,4268188,Delantero,7,https://www.futbolfantasy.com/jugadores/kike-garcia,0%,0,0
Nahuel Tenaglia,548371,15020464,14472093,14402067,Defensa,28,https://www.futbolfantasy.com/jugadores/nahuel-tenaglia,90%,-1,0
Luis Rioja,-365962,11863091,12229053,14816383,Mediocampista,18,https://www.futbolfantasy.com/jugadores/luis-rioja,20%,1,0
Antonio Blanco,-67656,14903000,14970656,15170074,Mediocampista,28,https://www.futbolfantasy.com/jugadores/antonio-blanco,90%,-1,0
Ander Guevara,-28274,1083137,1111411,1239403,Mediocampista,28,https://www.futbolfantasy.com/jugadores/ander-guevara,10%,-1,0
Abdel Abqar,45773,7223016,7177243,6299441,Defensa,8,https://www.futbolfantasy.com/jugadores/abdel-abqar,70%,-1,0
Andoni Gorosabel,-44323,2232310,2276633,2591405,Defensa,1,https://www.futbolfantasy.com/jugadores/andoni-gorosabel,10%,-1,0
Julen Agirrezabala,147425,2950150,2802725,2911085,Portero,42,https://www.futbolfantasy.com/jugadores/julen-agirrezabala,70%,-1,0
Yuri Berchiche,-26286,12468294,12494580,12879729,Defensa,1,https://www.futbolfantasy.com/jugadores/yuri-berchiche,70%,-1,0
Borja Iglesias,-229345,26618099,26847444,28702800,Delantero,5,https://www.futbolfantasy.com/jugadores/borja-iglesias,10%,-1,0
Raphinha,1875797,86764161,84888364,71866589,Delantero,3,https://www.futbolfantasy.com/jugadores/raphinha,70%,-1,0
Abde Ezzalzouli,-757831,43637796,44395627,51290948,Delantero,4,https://www.futbolfantasy.com/jugadores/abde-ezzalzouli,30%,1,0
Guido Rodriguez,-320165,25241857,25562022,26805910,Mediocampista,18,https://www.futbolfantasy.com/jugadores/guido-rodriguez,90%,-1,0
Hector Bellerin,128711,14420171,14291460,12763553,Defensa,4,https://www.futbolfantasy.com/jugadores/hector-bellerin,50%,1,0
Fermin Lopez,1561460,66836254,65274794,58970728,Mediocampista,3,https://www.futbolfantasy.com/jugadores/fermin-lopez,70%,-1,0
Pau Cubarsi,-110250,77410894,77521144,83816547,Defensa,3,https://www.futbolfantasy.com/jugadores/pau-cubarsi,60%,-1,0
Marc Casado,-20776,1694862,1715638,1861459,Mediocampista,3,https://www.futbolfantasy.com/jugadores/marc-casado,0%,-1,0
Lamine Yamal,-93247,126029074,126122321,128802985,Delantero,3,https://www.futbolfantasy.com/jugadores/lamine-yamal,60%,-1,0
Jules Kounde,-391579,40563785,40955364,44743305,Defensa,3,https://www.futbolfantasy.com/jugadores/jules-kounde,50%,-1,0
Frenkie De Jong,-766501,25186713,25953214,31550526,Mediocampista,3,https://www.futbolfantasy.com/jugadores/frenkie-de-jong,0%,0,0
Marcos Alonso,-267536,28927438,29194974,30370576,Defensa,5,https://www.futbolfantasy.com/jugadores/marcos-alonso,90%,-1,0
Pedri Gonzalez,766835,89334451,88567616,90186557,Mediocampista,3,https://www.futbolfantasy.com/jugadores/pedri-gonzalez,50%,-1,0
Asier Villalibre,37284,7287260,7249976,7527946,Delantero,42,https://www.futbolfantasy.com/jugadores/asier-villalibre,70%,-1,0
Pablo Gavi,-581759,31529567,32111326,36657894,Mediocampista,3,https://www.futbolfantasy.com/jugadores/pablo-gavi,50%,-1,0
Alejandro Balde,255828,23539818,23283990,23303638,Defensa,3,https://www.futbolfantasy.com/jugadores/alejandro-balde,0%,-1,0
Rodrigo Riquelme,71231,4161102,4089871,3456991,Mediocampista,4,https://www.futbolfantasy.com/jugadores/rodrigo-riquelme,0%,-1,0
Pablo Barrios,114159,41861765,41747606,43984044,Mediocampista,2,https://www.futbolfantasy.com/jugadores/pablo-barrios,70%,-1,0
Javi Galan,-300285,12073859,12374144,14475829,Defensa,5,https://www.futbolfantasy.com/jugadores/javi-galan,0%,1,0
Marcos Llorente,-327102,50085580,50412682,54158509,Defensa,2,https://www.futbolfantasy.com/jugadores/marcos-llorente,50%,-1,0
Jan Oblak,-406208,51924064,52330272,54982571,Portero,2,https://www.futbolfantasy.com/jugadores/jan-oblak,90%,-1,0
Koke Resurreccion,-231587,15999632,16231219,17767671,Mediocampista,2,https://www.futbolfantasy.com/jugadores/koke-resurreccion,50%,-1,0
Jose Maria Gimenez,-83531,4510374,4593905,5185808,Defensa,2,https://www.futbolfantasy.com/jugadores/jose-maria-gimenez,10%,-1,0
Unai Egiluz,-933,413019,413952,436343,Defensa,1,https://www.futbolfantasy.com/jugadores/unai-egiluz,0%,0,0
Beñat Prados,-27217,1398406,1425623,1584589,Mediocampista,1,https://www.futbolfantasy.com/jugadores/beñat-prados,0%,-1,0
Unai Lopez,18350,5928954,5910604,5774118,Mediocampista,14,https://www.futbolfantasy.com/jugadores/unai-lopez,70%,-1,0
Iñigo Perez,-64217,2238495,2302712,2700442,Entrenador,22,https://www.futbolfantasy.com/jugadores/iñigo-perez,0%,-1,0
Jorge De Frutos,-834594,45044794,45879388,49523730,Delantero,14,https://www.futbolfantasy.com/jugadores/jorge-de-frutos,90%,-1,0
Johnny Cardoso,-95414,5633065,5728479,6489575,Mediocampista,2,https://www.futbolfantasy.com/jugadores/johnny-cardoso,30%,-1,0
Javi Puado,-182339,6096665,6279004,7559887,Mediocampista,7,https://www.futbolfantasy.com/jugadores/javi-puado,0%,0,0
Leandro Cabrera,8613,17014779,17006166,16469236,Defensa,7,https://www.futbolfantasy.com/jugadores/leandro-cabrera,0%,-1,1
Fernando Calero,-84054,2774785,2858839,3395125,Defensa,11,https://www.futbolfantasy.com/jugadores/fernando-calero,0%,0,0
Joan Garcia,746037,69435706,68689669,60176948,Portero,3,https://www.futbolfantasy.com/jugadores/joan-garcia,80%,-1,0
Juanmi Jimenez,-7309,566033,573342,639969,Delantero,8,https://www.futbolfantasy.com/jugadores/juanmi-jimenez,0%,0,0
Pablo Fornals,-209628,57416212,57625840,60822156,Mediocampista,4,https://www.futbolfantasy.com/jugadores/pablo-fornals,80%,-1,0
Hector Fort,-71458,3269253,3340711,3800461,Defensa,3,https://www.futbolfantasy.com/jugadores/hector-fort,0%,-1,0
Gonçalo Guedes,-931586,32204001,33135587,39859942,Delantero,16,https://www.futbolfantasy.com/jugadores/gonçalo-guedes,0%,-1,0
Lucien Agoume,-32506,5807375,5839881,5699814,Mediocampista,17,https://www.futbolfantasy.com/jugadores/lucien-agoume,80%,-1,0
Ilaix Moriba,-136730,9949724,10086454,10534572,Mediocampista,5,https://www.futbolfantasy.com/jugadores/ilaix-moriba,50%,-1,0
Isaac Romero,-65599,6443426,6509025,6154640,Delantero,17,https://www.futbolfantasy.com/jugadores/isaac-romero,50%,-1,0
Pere Milla,-94901,9471422,9566323,9824126,Delantero,7,https://www.futbolfantasy.com/jugadores/pere-milla,30%,-1,0
Augusto Batalla,-457060,39610693,40067753,42002049,Portero,14,https://www.futbolfantasy.com/jugadores/augusto-batalla,95%,-1,0
Giuliano Simeone,-362307,43209202,43571509,46684520,Delantero,2,https://www.futbolfantasy.com/jugadores/giuliano-simeone,70%,-1,0
Alvaro F. Carreras,-223162,12018689,12241851,13999960,Defensa,15,https://www.futbolfantasy.com/jugadores/alvaro-f.-carreras,0%,-1,0
Kike Salas,-244481,12010968,12255449,11618725,Defensa,17,https://www.futbolfantasy.com/jugadores/kike-salas,0%,-1,1
Raul Garcia,-37916,1807758,1845674,2053345,Delantero,13,https://www.futbolfantasy.com/jugadores/raul-garcia,0%,-1,0
Adria Altimira,-58546,4418911,4477457,5061732,Defensa,6,https://www.futbolfantasy.com/jugadores/adria-altimira,30%,-1,0
Ilias Akhomach,-94643,5027522,5122165,5776857,Delantero,22,https://www.futbolfantasy.com/jugadores/ilias-akhomach,20%,-1,0
Ivan Balliu,1198,969984,968786,830974,Defensa,14,https://www.futbolfantasy.com/jugadores/ivan-balliu,70%,-1,0
Ramon Terrats,53654,3056256,3002602,2810495,Mediocampista,8,https://www.futbolfantasy.com/jugadores/ramon-terrats,0%,-1,0
Kiko Femenia,-98428,3866942,3965370,3580592,Defensa,8,https://www.futbolfantasy.com/jugadores/kiko-femenia,0%,-1,1
Pol Lozano,-41928,2232294,2274222,2455726,Mediocampista,7,https://www.futbolfantasy.com/jugadores/pol-lozano,30%,-1,0
Jofre Carreras,-22601,1086623,1109224,1216902,Delantero,7,https://www.futbolfantasy.com/jugadores/jofre-carreras,30%,-1,0
Alexander Sorloth,-637325,22022394,22659719,25826629,Delantero,2,https://www.futbolfantasy.com/jugadores/alexander-sorloth,20%,1,0
Peque,41432,1837850,1796418,1951786,Delantero,17,https://www.futbolfantasy.com/jugadores/peque,0%,-1,0
Daniel Raba,-32671,1551375,1584046,1807384,Delantero,18,https://www.futbolfantasy.com/jugadores/daniel-raba,10%,-1,0
Nico Serrano,-19609,861236,880845,1025106,Delantero,1,https://www.futbolfantasy.com/jugadores/nico-serrano,10%,-1,0
Santiago Mouriño,-669164,39550084,40219248,39269000,Defensa,22,https://www.futbolfantasy.com/jugadores/santiago-mouriño,0%,-1,0
Valentin Rosier,-158755,5392032,5550787,6659198,Defensa,13,https://www.futbolfantasy.com/jugadores/valentin-rosier,40%,1,0
Alvaro Djalo,-26058,1016009,1042067,1208040,Delantero,1,https://www.futbolfantasy.com/jugadores/alvaro-djalo,0%,-1,0
Carlos Romero,308981,44304027,43995046,39446422,Defensa,22,https://www.futbolfantasy.com/jugadores/carlos-romero,70%,-1,0
Kylian Mbappe,-311396,128452513,128763909,131039235,Delantero,15,https://www.futbolfantasy.com/jugadores/kylian-mbappe,70%,-1,0
Endrick,-43437,6652802,6696239,7133030,Delantero,15,https://www.futbolfantasy.com/jugadores/endrick,10%,2,0
Sergio Carreira,-36827,6706082,6742909,6755592,Defensa,5,https://www.futbolfantasy.com/jugadores/sergio-carreira,70%,-1,0
Sergio Gomez,-14425,17882390,17896815,18165640,Defensa,16,https://www.futbolfantasy.com/jugadores/sergio-gomez,80%,-1,0
Chidera Ejuke,-43886,2662216,2706102,2879858,Delantero,17,https://www.futbolfantasy.com/jugadores/chidera-ejuke,10%,-1,0
Edu Exposito,330247,29752780,29422533,26993981,Mediocampista,7,https://www.futbolfantasy.com/jugadores/edu-exposito,90%,2,0
Willy Kambwala,-23739,1115094,1138833,1269991,Defensa,22,https://www.futbolfantasy.com/jugadores/willy-kambwala,10%,-1,0
Andres Martin,-42022,18963828,19005850,19854978,Delantero,42,https://www.futbolfantasy.com/jugadores/andres-martin,90%,-1,0
Arnaut Danjuma,16063,5216517,5200454,4878057,Delantero,18,https://www.futbolfantasy.com/jugadores/arnaut-danjuma,30%,-1,0
Boyomo,102370,28269599,28167229,26222424,Defensa,13,https://www.futbolfantasy.com/jugadores/boyomo,70%,-1,0
Nicolas Pepe,848132,51534950,50686818,49454876,Delantero,22,https://www.futbolfantasy.com/jugadores/nicolas-pepe,70%,-1,0
Pape Gueye,303189,49427411,49124222,46253042,Mediocampista,22,https://www.futbolfantasy.com/jugadores/pape-gueye,80%,-1,0
Diego Javier Llorente,15989,13267296,13251307,12471912,Defensa,4,https://www.futbolfantasy.com/jugadores/diego-javier-llorente,0%,-1,0
Yvan Neyou,-86456,2947800,3034256,0,Mediocampista,8,https://www.futbolfantasy.com/jugadores/yvan-neyou,0%,-1,0
Angel Fortuño,-5930,532944,538874,595068,Portero,7,https://www.futbolfantasy.com/jugadores/angel-fortuño,0%,-1,0
Ruben Sanchez,-2692,455244,457936,492532,Mediocampista,7,https://www.futbolfantasy.com/jugadores/ruben-sanchez,0%,-1,0
Omar El Hilali,102205,9072659,8970454,8312687,Defensa,7,https://www.futbolfantasy.com/jugadores/omar-el-hilali,80%,-1,0
Alex Baena,-645815,52452774,53098589,58401904,Mediocampista,2,https://www.futbolfantasy.com/jugadores/alex-baena,0%,-1,0
Denis Suarez,-34495,2458310,2492805,2690689,Mediocampista,28,https://www.futbolfantasy.com/jugadores/denis-suarez,50%,-1,0
Juan Foyth,330046,12566498,12236452,10785264,Defensa,22,https://www.futbolfantasy.com/jugadores/juan-foyth,70%,-1,0
Aurelien Tchouameni,-442656,41102067,41544723,44980249,Mediocampista,15,https://www.futbolfantasy.com/jugadores/aurelien-tchouameni,50%,2,0
Pablo Marin,-46462,1505723,1552185,1857267,Mediocampista,16,https://www.futbolfantasy.com/jugadores/pablo-marin,30%,-1,0
Ander Barrenetxea,-208541,32654080,32862621,34509936,Mediocampista,16,https://www.futbolfantasy.com/jugadores/ander-barrenetxea,70%,-1,0
Gerard Moreno,-126965,27816064,27943029,28914641,Delantero,22,https://www.futbolfantasy.com/jugadores/gerard-moreno,50%,-1,0
Aihen Muñoz,-34272,1353006,1387278,1580621,Defensa,16,https://www.futbolfantasy.com/jugadores/aihen-muñoz,0%,-1,0
Alvaro Odriozola,-7984,582239,590223,653638,Defensa,16,https://www.futbolfantasy.com/jugadores/alvaro-odriozola,0%,0,0
Alex Remiro,-397200,42643086,43040286,45432160,Portero,16,https://www.futbolfantasy.com/jugadores/alex-remiro,90%,-1,0
Arda Guler,986440,53638435,52651995,50924378,Mediocampista,15,https://www.futbolfantasy.com/jugadores/arda-guler,0%,-1,0
Ferland Mendy,-13640,717986,731626,830455,Defensa,15,https://www.futbolfantasy.com/jugadores/ferland-mendy,0%,0,0
Antonio Rudiger,322515,28295496,27972981,28089694,Defensa,15,https://www.futbolfantasy.com/jugadores/antonio-rudiger,50%,-1,0
Brahim Diaz,63564,10733033,10669469,11276359,Mediocampista,15,https://www.futbolfantasy.com/jugadores/brahim-diaz,50%,-1,0
Federico Valverde,597387,69629046,69031659,71247876,Mediocampista,15,https://www.futbolfantasy.com/jugadores/federico-valverde,90%,-1,0
Arsen Zakharyan,-25148,994178,1019326,1166874,Mediocampista,16,https://www.futbolfantasy.com/jugadores/arsen-zakharyan,20%,-1,0
Andriy Lunin,-31683,2112479,2144162,2303683,Portero,15,https://www.futbolfantasy.com/jugadores/andriy-lunin,30%,-1,0
Eduardo Camavinga,-160046,10039792,10199838,11368291,Mediocampista,15,https://www.futbolfantasy.com/jugadores/eduardo-camavinga,30%,-1,0
Rodrygo Goes,-58458,2914343,2972801,3404283,Delantero,15,https://www.futbolfantasy.com/jugadores/rodrygo-goes,0%,0,0
Vinicius Junior,258899,107842214,107583315,101749180,Delantero,15,https://www.futbolfantasy.com/jugadores/vinicius-junior,90%,-1,0
Jude Bellingham,784544,89688837,88904293,91183348,Mediocampista,15,https://www.futbolfantasy.com/jugadores/jude-bellingham,50%,-1,0
Eder Militao,-306939,11421544,11728483,13948770,Defensa,15,https://www.futbolfantasy.com/jugadores/eder-militao,0%,-1,0
Thibaut Courtois,958388,61783656,60825268,56479265,Portero,15,https://www.futbolfantasy.com/jugadores/thibaut-courtois,70%,-1,0
Sergio Camello,-24446,3085546,3109992,3124115,Delantero,14,https://www.futbolfantasy.com/jugadores/sergio-camello,50%,-1,0
Florian Lejeune,-249330,38066484,38315814,38626640,Defensa,14,https://www.futbolfantasy.com/jugadores/florian-lejeune,90%,-1,0
Oscar Valentin,58180,3713156,3654976,3442547,Mediocampista,14,https://www.futbolfantasy.com/jugadores/oscar-valentin,0%,-1,0
Pathe Ciss,247558,12281218,12033660,11378588,Mediocampista,14,https://www.futbolfantasy.com/jugadores/pathe-ciss,70%,-1,0
Mikel Oyarzabal,18243,62923561,62905318,65891432,Delantero,16,https://www.futbolfantasy.com/jugadores/mikel-oyarzabal,50%,-1,0
Igor Zubeldia,126247,10173495,10047248,9750189,Defensa,16,https://www.futbolfantasy.com/jugadores/igor-zubeldia,60%,-1,0
Takefusa Kubo,521595,24557213,24035618,22080902,Mediocampista,16,https://www.futbolfantasy.com/jugadores/takefusa-kubo,50%,-1,0
Diego Lopez,-62023,2013050,2075073,2502296,Delantero,18,https://www.futbolfantasy.com/jugadores/diego-lopez,0%,-1,0
Sergi Canos,-4197,491360,495557,540596,Delantero,18,https://www.futbolfantasy.com/jugadores/sergi-canos,0%,0,0
Javi Guerra,156961,24340395,24183434,24014228,Mediocampista,18,https://www.futbolfantasy.com/jugadores/javi-guerra,0%,-1,0
Hugo Duro,10021,8490137,8480116,8667876,Delantero,18,https://www.futbolfantasy.com/jugadores/hugo-duro,60%,-1,0
Andre Almeida,-51269,2399923,2451192,2748967,Mediocampista,18,https://www.futbolfantasy.com/jugadores/andre-almeida,0%,-1,0
Cristian Rivero,-3979,486115,490094,531211,Portero,18,https://www.futbolfantasy.com/jugadores/cristian-rivero,10%,-1,0
Jose Gaya,-123412,10795733,10919145,11421020,Defensa,18,https://www.futbolfantasy.com/jugadores/jose-gaya,0%,-1,0
Pepelu,66876,7645251,7578375,7532896,Mediocampista,18,https://www.futbolfantasy.com/jugadores/pepelu,0%,-1,0
Marcao,-9537,619518,629055,702950,Defensa,17,https://www.futbolfantasy.com/jugadores/marcao,0%,-1,0
Dimitri Foulquier,-62699,2200315,2263014,2675217,Defensa,18,https://www.futbolfantasy.com/jugadores/dimitri-foulquier,50%,1,0
Jesus Vazquez,-9863,1705126,1714989,1752417,Defensa,18,https://www.futbolfantasy.com/jugadores/jesus-vazquez,0%,-1,0
Fran Perez,-15435,761078,776513,866706,Mediocampista,14,https://www.futbolfantasy.com/jugadores/fran-perez,30%,-1,0
Hugo Gonzalez,-12551,1365661,1378212,1505646,Mediocampista,5,https://www.futbolfantasy.com/jugadores/hugo-gonzalez,0%,-1,0
Cesar Tarrega,7779,9064307,9056528,8911289,Defensa,18,https://www.futbolfantasy.com/jugadores/cesar-tarrega,80%,-1,0
Santi Comesaña,98900,34749442,34650542,30690372,Mediocampista,22,https://www.futbolfantasy.com/jugadores/santi-comesaña,0%,-1,0
Mouctar Diakhaby,-102766,5658128,5760894,6400975,Defensa,18,https://www.futbolfantasy.com/jugadores/mouctar-diakhaby,40%,-1,0
Mariano Diaz,152623,1091310,938687,1048223,Delantero,28,https://www.futbolfantasy.com/jugadores/mariano-diaz,0%,-1,0
Jon Ander Olasagasti,-1264,4381502,4382766,3910156,Mediocampista,10,https://www.futbolfantasy.com/jugadores/jon-ander-olasagasti,80%,-1,0
Marko Dmitrovic,43375,37603510,37560135,35724996,Portero,7,https://www.futbolfantasy.com/jugadores/marko-dmitrovic,95%,-1,0
Umar Sadiq,-88228,6718998,6807226,7507226,Delantero,18,https://www.futbolfantasy.com/jugadores/umar-sadiq,40%,-1,0
Beñat Turrientes,14857,7150900,7136043,6774571,Mediocampista,16,https://www.futbolfantasy.com/jugadores/beñat-turrientes,0%,-1,0
Robin Le Normand,119490,10263651,10144161,10138900,Defensa,2,https://www.futbolfantasy.com/jugadores/robin-le-normand,60%,-1,0
Unai Marrero,-27119,1097738,1124857,1266659,Portero,16,https://www.futbolfantasy.com/jugadores/unai-marrero,10%,-1,0
Raul Moro,237661,13778319,13540658,12678205,Delantero,13,https://www.futbolfantasy.com/jugadores/raul-moro,60%,-1,0
Urko Gonzalez De Zarate,-28187,4722490,4750677,4777203,Mediocampista,7,https://www.futbolfantasy.com/jugadores/urko-gonzalez-de-zarate,80%,-1,0
Eric Puerto,0,367523,367523,369346,Portero,6,https://www.futbolfantasy.com/jugadores/eric-puerto,0%,-1,0
Javier Boñar,0,445140,445140,453565,Defensa,2,https://www.futbolfantasy.com/jugadores/javier-boñar,0%,-1,0
Dani Martinez,0,415311,415311,421199,Defensa,2,https://www.futbolfantasy.com/jugadores/dani-martinez,0%,-1,0
Javi Serrano,0,429199,429199,436269,Mediocampista,2,https://www.futbolfantasy.com/jugadores/javi-serrano,0%,-1,0
Aleksa Puric,0,434872,434872,442424,Defensa,2,https://www.futbolfantasy.com/jugadores/aleksa-puric,0%,-1,0
Pablo Garcia,0,463623,468964,468964,Defensa,6,https://www.futbolfantasy.com/jugadores/pablo-garcia,0%,-1,0
Diego Conde,0,3041589,3041589,3041589,Portero,4,https://www.futbolfantasy.com/jugadores/diego-conde,0%,0,0
Hugo Sotelo,0,1382803,1382803,1382803,Mediocampista,10,https://www.futbolfantasy.com/jugadores/hugo-sotelo,50%,-1,0
Manu Sanchez,0,5538185,5538185,5538185,Defensa,10,https://www.futbolfantasy.com/jugadores/manu-sanchez,70%,-1,0
Fran Garcia,0,9591157,9591157,9591157,Defensa,4,https://www.futbolfantasy.com/jugadores/fran-garcia,0%,-1,0
Ruben Montero,0,602316,602316,602316,Portero,28,https://www.futbolfantasy.com/jugadores/ruben-montero,0%,-1,0
Jon Pacheco,0,4015452,4015452,4015452,Defensa,16,https://www.futbolfantasy.com/jugadores/jon-pacheco,0%,2,0
Gregoire Swiderski,0,602316,602316,602316,Portero,28,https://www.futbolfantasy.com/jugadores/gregoire-swiderski,0%,-1,0
Lander Pinillos,0,501929,501929,501929,Mediocampista,28,https://www.futbolfantasy.com/jugadores/lander-pinillos,0%,-1,0
Carlos Ballestero,0,602316,602316,602316,Defensa,28,https://www.futbolfantasy.com/jugadores/carlos-ballestero,0%,-1,0
Alvaro Garcia,0,501929,501929,501929,Defensa,22,https://www.futbolfantasy.com/jugadores/alvaro-garcia,70%,-1,0
Xanet Olaiz,0,602316,602316,602316,Defensa,28,https://www.futbolfantasy.com/jugadores/xanet-olaiz,20%,-1,0
Izei Hernandez,0,582010,582010,582010,Mediocampista,28,https://www.futbolfantasy.com/jugadores/izei-hernandez,0%,-1,0
David Otorbi,0,601574,602292,602292,Delantero,18,https://www.futbolfantasy.com/jugadores/david-otorbi,0%,-1,0
Job Ochieng,0,701836,702633,702633,Mediocampista,16,https://www.futbolfantasy.com/jugadores/job-ochieng,10%,-1,0
Manu Gonzalez,0,581040,581691,581691,Portero,4,https://www.futbolfantasy.com/jugadores/manu-gonzalez,5%,-1,0
Adrian Riquelme,0,601574,602324,602324,Mediocampista,8,https://www.futbolfantasy.com/jugadores/adrian-riquelme,0%,-1,0
Dani Mesonero,0,701836,702606,702606,Mediocampista,15,https://www.futbolfantasy.com/jugadores/dani-mesonero,0%,-1,0
Lamini Fati,0,677197,677955,677955,Defensa,15,https://www.futbolfantasy.com/jugadores/lamini-fati,0%,-1,0
Andres Antañon,0,581040,581700,581700,Mediocampista,5,https://www.futbolfantasy.com/jugadores/andres-antañon,0%,-1,0
Quique Teijo,0,601574,602257,602257,Defensa,6,https://www.futbolfantasy.com/jugadores/quique-teijo,0%,-1,0
Javi Morcillo,0,701836,702702,702702,Mediocampista,21,https://www.futbolfantasy.com/jugadores/javi-morcillo,0%,-1,0
Miguel Cubo,0,601574,602316,602316,Delantero,2,https://www.futbolfantasy.com/jugadores/miguel-cubo,0%,-1,0
Hugo Rios,0,902361,903386,903386,Portero,6,https://www.futbolfantasy.com/jugadores/hugo-rios,0%,-1,0
Manuel Angel,0,701836,702606,702606,Mediocampista,15,https://www.futbolfantasy.com/jugadores/manuel-angel,0%,-1,0
Damian Canedo,0,601574,602257,602257,Defensa,6,https://www.futbolfantasy.com/jugadores/damian-canedo,0%,-1,0
Samu Fernandez,0,701836,702633,702633,Defensa,6,https://www.futbolfantasy.com/jugadores/samu-fernandez,0%,-1,0
Hugo Burcio,0,601574,602257,602257,Mediocampista,5,https://www.futbolfantasy.com/jugadores/hugo-burcio,0%,-1,0
Kazunari Kita,0,601574,602234,602234,Defensa,671,https://www.futbolfantasy.com/jugadores/kazunari-kita,0%,-1,0
Joselillo Gaitan,0,601574,602292,602292,Mediocampista,22,https://www.futbolfantasy.com/jugadores/joselillo-gaitan,0%,-1,0
Joel Fontanet,0,581293,581987,581987,Defensa,18,https://www.futbolfantasy.com/jugadores/joel-fontanet,0%,-1,0
Ibai Aguirre,0,601574,602257,602257,Mediocampista,671,https://www.futbolfantasy.com/jugadores/ibai-aguirre,0%,-1,0
Lander Astiazaran,0,601574,602257,602257,Mediocampista,671,https://www.futbolfantasy.com/jugadores/lander-astiazaran,0%,-1,0
Ruben Lopez,0,501311,501880,501880,Mediocampista,6,https://www.futbolfantasy.com/jugadores/ruben-lopez,0%,-1,0
Kareem Tunde,0,8522316,8531892,8531892,Mediocampista,10,https://www.futbolfantasy.com/jugadores/kareem-tunde,40%,-1,0
Ferran Gomez,0,601574,602248,602248,Mediocampista,7,https://www.futbolfantasy.com/jugadores/ferran-gomez,0%,-1,0
Jorge Montes,0,601574,602319,602319,Defensa,8,https://www.futbolfantasy.com/jugadores/jorge-montes,0%,-1,0
Jorge Cestero,0,601574,602234,602234,Mediocampista,15,https://www.futbolfantasy.com/jugadores/jorge-cestero,0%,-1,0
Angel Arcos,0,601574,602257,602257,Mediocampista,5,https://www.futbolfantasy.com/jugadores/angel-arcos,0%,-1,0
Tomas Marques,0,601574,602319,602319,Defensa,3,https://www.futbolfantasy.com/jugadores/tomas-marques,0%,-1,0
Asier Hierro,0,601574,602257,602257,Delantero,1,https://www.futbolfantasy.com/jugadores/asier-hierro,0%,-1,0
Iker Muñoz,0,601574,602284,602284,Defensa,17,https://www.futbolfantasy.com/jugadores/iker-muñoz,0%,-1,0
Joan Martinez,0,701836,702622,702622,Defensa,15,https://www.futbolfantasy.com/jugadores/joan-martinez,0%,-1,0
Unai Santos,0,601574,602319,602319,Defensa,13,https://www.futbolfantasy.com/jugadores/unai-santos,0%,-1,0
Noe Carrillo,0,701836,702633,702633,Mediocampista,6,https://www.futbolfantasy.com/jugadores/noe-carrillo,0%,0,0
Angel Recio,0,751968,752810,752810,Defensa,11,https://www.futbolfantasy.com/jugadores/angel-recio,50%,-1,0
Bil Nsongo,0,6517065,6524473,6524473,Delantero,6,https://www.futbolfantasy.com/jugadores/bil-nsongo,60%,-1,0
Diego Diaz,0,601574,602234,602234,Delantero,42,https://www.futbolfantasy.com/jugadores/diego-diaz,0%,-1,0
Andreas Christensen,0,5013126,5019340,5019340,Defensa,3,https://www.futbolfantasy.com/jugadores/andreas-christensen,50%,-1,0
Diego Rico,0,4912863,4918952,4918952,Defensa,13,https://www.futbolfantasy.com/jugadores/diego-rico,0%,-1,0
Gonzalo Villar,0,7018377,7027127,7027127,Mediocampista,21,https://www.futbolfantasy.com/jugadores/gonzalo-villar,90%,-1,0
Aitor Fraga,0,601574,602234,602234,Portero,16,https://www.futbolfantasy.com/jugadores/aitor-fraga,0%,-1,0
Adria Pedrosa,0,3308663,3312788,3312788,Defensa,17,https://www.futbolfantasy.com/jugadores/adria-pedrosa,0%,-1,0
Manu Bueno,0,802099,802099,802099,Mediocampista,17,https://www.futbolfantasy.com/jugadores/manu-bueno,40%,-1,0
Ruben Iranzo,0,601574,602292,602292,Defensa,18,https://www.futbolfantasy.com/jugadores/ruben-iranzo,10%,2,0
Carlos Martin,0,2215971,2218490,2218490,Mediocampista,2,https://www.futbolfantasy.com/jugadores/carlos-martin,10%,-1,0
Iker Losada,0,2506562,2509378,2509378,Delantero,4,https://www.futbolfantasy.com/jugadores/iker-losada,0%,-1,0
Alex Padilla,0,1503937,1505588,1505588,Portero,1,https://www.futbolfantasy.com/jugadores/alex-padilla,10%,-1,0
Diego Ferrer,0,701836,702705,702705,Portero,8,https://www.futbolfantasy.com/jugadores/diego-ferrer,0%,-1,0
Jon Martin,0,30078766,30111790,30111790,Defensa,16,https://www.futbolfantasy.com/jugadores/jon-martin,90%,-1,0
Andres Vallecillo,0,677197,677940,677940,Mediocampista,42,https://www.futbolfantasy.com/jugadores/andres-vallecillo,0%,-1,0
Miguel Angel Santaella,0,401049,401498,401498,Defensa,11,https://www.futbolfantasy.com/jugadores/miguel-angel-santaella,0%,-1,0
Santi Franco,0,701836,702606,702606,Delantero,42,https://www.futbolfantasy.com/jugadores/santi-franco,0%,-1,0
Abiel Osorio,0,1403675,1405425,1405425,Delantero,21,https://www.futbolfantasy.com/jugadores/abiel-osorio,0%,-1,0
Mario Solorzano,0,601574,602234,602234,Mediocampista,42,https://www.futbolfantasy.com/jugadores/mario-solorzano,0%,-1,0
Sergio Martinez,0,701836,702606,702606,Mediocampista,42,https://www.futbolfantasy.com/jugadores/sergio-martinez,0%,-1,0
Aitor Crespo,0,802099,802979,802979,Defensa,42,https://www.futbolfantasy.com/jugadores/aitor-crespo,0%,-1,0
Carlos Sanchez,0,701836,702606,702606,Defensa,42,https://www.futbolfantasy.com/jugadores/carlos-sanchez,0%,-1,0
Laro Gomez,0,601574,602234,602234,Portero,42,https://www.futbolfantasy.com/jugadores/laro-gomez,0%,-1,0
Alvaro Jimenez,0,601574,602234,602234,Portero,42,https://www.futbolfantasy.com/jugadores/alvaro-jimenez,0%,-1,0
Juanpe Jimenez,0,581293,581931,581931,Mediocampista,11,https://www.futbolfantasy.com/jugadores/juanpe-jimenez,20%,1,0
Aaron Ochoa,0,3509188,3513040,3513040,Mediocampista,11,https://www.futbolfantasy.com/jugadores/aaron-ochoa,0%,2,1
Rafa Rodriguez,0,6263550,6270426,6270426,Mediocampista,11,https://www.futbolfantasy.com/jugadores/rafa-rodriguez,60%,-1,0
Moussa Diarra,0,401049,401498,401498,Defensa,11,https://www.futbolfantasy.com/jugadores/moussa-diarra,0%,1,0
Pablo Arriaza,0,401049,401498,401498,Defensa,11,https://www.futbolfantasy.com/jugadores/pablo-arriaza,10%,-1,0
Gorka Carrera,0,701836,702633,702633,Delantero,16,https://www.futbolfantasy.com/jugadores/gorka-carrera,0%,-1,0
Rafa Garrido,0,5013126,5018744,5018744,Defensa,11,https://www.futbolfantasy.com/jugadores/rafa-garrido,50%,-1,0
Andres Cespedes,0,401049,401498,401498,Portero,11,https://www.futbolfantasy.com/jugadores/andres-cespedes,0%,-1,0
Carlos Macia,0,802099,803057,803057,Mediocampista,22,https://www.futbolfantasy.com/jugadores/carlos-macia,0%,-1,0
Alex Sanchez,0,601574,602324,602324,Mediocampista,21,https://www.futbolfantasy.com/jugadores/alex-sanchez,0%,-1,0
Pablo Roson,0,601574,602249,602249,Mediocampista,10,https://www.futbolfantasy.com/jugadores/pablo-roson,0%,-1,0
Adrian De La Fuente,0,14036756,14052528,14052528,Defensa,10,https://www.futbolfantasy.com/jugadores/adrian-de-la-fuente,90%,-1,0
Huseini Nakoha,0,501311,501874,501874,Defensa,10,https://www.futbolfantasy.com/jugadores/huseini-nakoha,0%,-1,0
Ismael Bekhoucha,0,1102887,1104254,1104254,Defensa,8,https://www.futbolfantasy.com/jugadores/ismael-bekhoucha,0%,-1,0
Iñigo Arguibide,0,581293,582013,582013,Defensa,13,https://www.futbolfantasy.com/jugadores/iñigo-arguibide,0%,-1,0
Adrian Molina,0,601574,602234,602234,Portero,14,https://www.futbolfantasy.com/jugadores/adrian-molina,0%,-1,0
Pol Fortuny,0,601574,602234,602234,Mediocampista,15,https://www.futbolfantasy.com/jugadores/pol-fortuny,0%,-1,0
Unai Vencedor,0,2205775,2208253,2208253,Mediocampista,1,https://www.futbolfantasy.com/jugadores/unai-vencedor,0%,-1,0
Jesus Fortea,0,802099,802099,802099,Defensa,15,https://www.futbolfantasy.com/jugadores/jesus-fortea,0%,-1,0
Rafael Romero,0,601574,602257,602257,Portero,17,https://www.futbolfantasy.com/jugadores/rafael-romero,0%,-1,0
Alejandro Rego,0,5013126,5018825,5018825,Defensa,1,https://www.futbolfantasy.com/jugadores/alejandro-rego,20%,-1,0
Salvi Esquivel,0,601574,602292,602292,Portero,2,https://www.futbolfantasy.com/jugadores/salvi-esquivel,0%,-1,0
Jofre Torrents,0,601574,602319,602319,Defensa,3,https://www.futbolfantasy.com/jugadores/jofre-torrents,0%,-1,0
Joselu Perez,0,601574,602319,602319,Delantero,8,https://www.futbolfantasy.com/jugadores/joselu-perez,0%,-1,0
Paco Cortes,0,802099,803000,803000,Delantero,10,https://www.futbolfantasy.com/jugadores/paco-cortes,40%,-1,0
Alejandro Primo,0,1102887,1104126,1104126,Portero,10,https://www.futbolfantasy.com/jugadores/alejandro-primo,0%,1,0
Jozhua Vertrouwd,0,1002625,1003725,1003725,Defensa,14,https://www.futbolfantasy.com/jugadores/jozhua-vertrouwd,30%,-1,0
Pablo Garcia,0,2506562,2509371,2509371,Delantero,4,https://www.futbolfantasy.com/jugadores/pablo-garcia,0%,-1,0
Arkaitz Mariezkurrena,0,677197,677966,677966,Delantero,16,https://www.futbolfantasy.com/jugadores/arkaitz-mariezkurrena,0%,-1,0
Alejandro Iturbe,0,802099,802099,802099,Portero,21,https://www.futbolfantasy.com/jugadores/alejandro-iturbe,10%,-1,0
Yoel Lago,0,701836,702633,702633,Defensa,5,https://www.futbolfantasy.com/jugadores/yoel-lago,40%,-1,0
Alberto Risco,0,701836,702705,702705,Mediocampista,8,https://www.futbolfantasy.com/jugadores/alberto-risco,30%,-1,0
Marco De La Sias,0,601574,602234,602234,Defensa,14,https://www.futbolfantasy.com/jugadores/marco-de-la-sias,0%,-1,0
Geronimo Spina,0,701836,702702,702702,Defensa,2,https://www.futbolfantasy.com/jugadores/geronimo-spina,0%,-1,0
Toni Fernandez,0,601574,602319,602319,Delantero,3,https://www.futbolfantasy.com/jugadores/toni-fernandez,0%,-1,0
Guille Fernandez,0,701836,702705,702705,Mediocampista,3,https://www.futbolfantasy.com/jugadores/guille-fernandez,0%,-1,0
Jones El-Abdellaoui,0,1303412,1304893,1304893,Delantero,5,https://www.futbolfantasy.com/jugadores/jones-el-abdellaoui,10%,-1,0
Sergio Mestre,0,677102,677860,677860,Portero,15,https://www.futbolfantasy.com/jugadores/sergio-mestre,0%,-1,0
Diego Aguado,0,773243,774109,774109,Defensa,15,https://www.futbolfantasy.com/jugadores/diego-aguado,0%,-1,0
David Jimenez,0,601574,602248,602248,Defensa,15,https://www.futbolfantasy.com/jugadores/david-jimenez,0%,-1,0
Jean Ives Valou,0,601574,602292,602292,Defensa,8,https://www.futbolfantasy.com/jugadores/jean-ives-valou,20%,-1,0
Rayane Belaid,0,677197,678006,678006,Delantero,2,https://www.futbolfantasy.com/jugadores/rayane-belaid,0%,-1,0
Angel Ortiz,0,1704462,1706372,1706372,Defensa,4,https://www.futbolfantasy.com/jugadores/angel-ortiz,0%,-1,0
Asier Osambela,0,501311,501932,501932,Mediocampista,13,https://www.futbolfantasy.com/jugadores/asier-osambela,10%,-1,0
Juanpe Gil,0,601574,602234,602234,Portero,14,https://www.futbolfantasy.com/jugadores/juanpe-gil,0%,-1,0
Daniel Yañez,0,701836,702606,702606,Delantero,15,https://www.futbolfantasy.com/jugadores/daniel-yañez,0%,-1,0
Samu Becerra,0,581040,581700,581700,Mediocampista,14,https://www.futbolfantasy.com/jugadores/samu-becerra,0%,-1,0
Albert Niculaesei,0,802099,803099,803099,Defensa,21,https://www.futbolfantasy.com/jugadores/albert-niculaesei,0%,-1,0
Mauro Echegoyen,0,561590,562286,562286,Mediocampista,13,https://www.futbolfantasy.com/jugadores/mauro-echegoyen,0%,-1,0
Alex Lebarbier,0,601574,602234,602234,Defensa,16,https://www.futbolfantasy.com/jugadores/alex-lebarbier,0%,-1,0
Nordin Al Lal,0,501311,501936,501936,Delantero,21,https://www.futbolfantasy.com/jugadores/nordin-al-lal,0%,-1,0
Oscar Marcos,0,601574,602257,602257,Mediocampista,5,https://www.futbolfantasy.com/jugadores/oscar-marcos,0%,-1,0
Pablo Meixus,0,484821,485372,485372,Defensa,5,https://www.futbolfantasy.com/jugadores/pablo-meixus,0%,-1,0
Selton Sanchez,0,601574,602257,602257,Mediocampista,1,https://www.futbolfantasy.com/jugadores/selton-sanchez,10%,-1,0
David Delgado,0,601574,602324,602324,Defensa,21,https://www.futbolfantasy.com/jugadores/david-delgado,0%,-1,0
Mahamoud Barry,0,601574,602292,602292,Mediocampista,22,https://www.futbolfantasy.com/jugadores/mahamoud-barry,0%,-1,0
Luken Beitia,0,501311,501861,501861,Defensa,16,https://www.futbolfantasy.com/jugadores/luken-beitia,20%,-1,0
Eder Aller,0,701836,702705,702705,Portero,3,https://www.futbolfantasy.com/jugadores/eder-aller,0%,-1,0
Javi Navarro,0,701836,702622,702622,Portero,15,https://www.futbolfantasy.com/jugadores/javi-navarro,0%,-1,0
Mykyta Aleksandrov,0,601574,602319,602319,Delantero,8,https://www.futbolfantasy.com/jugadores/mykyta-aleksandrov,0%,-1,0
Jorge Benito,0,601574,602319,602319,Portero,8,https://www.futbolfantasy.com/jugadores/jorge-benito,0%,-1,0
Xavi Espart,0,701836,702705,702705,Defensa,3,https://www.futbolfantasy.com/jugadores/xavi-espart,0%,-1,0
Juan Hernandez,0,581040,581760,581760,Mediocampista,3,https://www.futbolfantasy.com/jugadores/juan-hernandez,0%,-1,0
Adrian Perez,0,601574,602257,602257,Delantero,1,https://www.futbolfantasy.com/jugadores/adrian-perez,0%,-1,0
Yassin Tallal,0,501311,501932,501932,Defensa,8,https://www.futbolfantasy.com/jugadores/yassin-tallal,0%,-1,0
Alex Marchal,0,601574,602234,602234,Mediocampista,16,https://www.futbolfantasy.com/jugadores/alex-marchal,0%,-1,0
Thiago Pitarch,0,7018377,7026082,7026082,Mediocampista,15,https://www.futbolfantasy.com/jugadores/thiago-pitarch,0%,0,0
Theo Folgado,0,701836,702606,702606,Portero,16,https://www.futbolfantasy.com/jugadores/theo-folgado,0%,-1,0
Ivan Corralejo,0,601574,602248,602248,Mediocampista,4,https://www.futbolfantasy.com/jugadores/ivan-corralejo,0%,-1,0
Nacho Perez,0,581040,581692,581692,Defensa,10,https://www.futbolfantasy.com/jugadores/nacho-perez,0%,-1,0
Edu Altozano,0,601574,602284,602284,Mediocampista,17,https://www.futbolfantasy.com/jugadores/edu-altozano,0%,-1,0
Miguel Sierra,0,601574,602284,602284,Delantero,17,https://www.futbolfantasy.com/jugadores/miguel-sierra,70%,-1,0
Aimar Blazquez,0,580962,581656,581656,Delantero,18,https://www.futbolfantasy.com/jugadores/aimar-blazquez,0%,-1,0
Mathew Ryan,0,13535444,13550652,13550652,Portero,10,https://www.futbolfantasy.com/jugadores/mathew-ryan,0%,-1,0
Alex Costa,0,601574,602284,602284,Delantero,17,https://www.futbolfantasy.com/jugadores/alex-costa,0%,-1,0
Alejandro Panach,0,501311,501909,501909,Defensa,18,https://www.futbolfantasy.com/jugadores/alejandro-panach,0%,-1,0
Marcos Navarro,0,501311,501909,501909,Defensa,18,https://www.futbolfantasy.com/jugadores/marcos-navarro,0%,-1,0
Martin Krug,0,601574,602249,602249,Defensa,10,https://www.futbolfantasy.com/jugadores/martin-krug,0%,-1,0
Mikel Santos,0,701836,702606,702606,Portero,1,https://www.futbolfantasy.com/jugadores/mikel-santos,0%,-1,0
Adam Boayar,0,701836,702711,702711,Mediocampista,21,https://www.futbolfantasy.com/jugadores/adam-boayar,0%,1,0
Taufik Seidu,0,601574,602316,602316,Mediocampista,2,https://www.futbolfantasy.com/jugadores/taufik-seidu,0%,-1,0
Antonio Martinez Bastida,0,601574,602324,602324,Mediocampista,21,https://www.futbolfantasy.com/jugadores/antonio-martinez-bastida,0%,-1,0
Marc Jurado,0,601574,602292,602292,Defensa,18,https://www.futbolfantasy.com/jugadores/marc-jurado,0%,-1,0
Iker Monreal,0,601574,602257,602257,Defensa,1,https://www.futbolfantasy.com/jugadores/iker-monreal,0%,-1,0
Thiago Fernandez,0,1660575,0,0,Mediocampista,10,https://www.futbolfantasy.com/jugadores/thiago-fernandez,30%,-1,0
Javi Lopez,0,1656670,0,0,Defensa,16,https://www.futbolfantasy.com/jugadores/javi-lopez,0%,-1,0
Thomas Lemar,0,1680630,0,0,Mediocampista,2,https://www.futbolfantasy.com/jugadores/thomas-lemar,0%,2,0
Hugo Rincon,0,1658593,0,0,Defensa,1,https://www.futbolfantasy.com/jugadores/hugo-rincon,40%,-1,0
Mikel Goti,0,590263,0,0,Mediocampista,16,https://www.futbolfantasy.com/jugadores/mikel-goti,0%,-1,0
Ali Houary,0,592065,0,0,Delantero,21,https://www.futbolfantasy.com/jugadores/ali-houary,0%,-1,0
Javier Hernandez,0,575023,0,0,Delantero,7,https://www.futbolfantasy.com/jugadores/javier-hernandez,0%,-1,0
Rafel Bauza,0,318649,0,0,Mediocampista,7,https://www.futbolfantasy.com/jugadores/rafel-bauza,20%,-1,0
Pablo Lopez,0,441041,0,0,Delantero,18,https://www.futbolfantasy.com/jugadores/pablo-lopez,0%,-1,0
Alberto Mari,0,787986,0,0,Delantero,18,https://www.futbolfantasy.com/jugadores/alberto-mari,0%,0,0
Roger Hinojo,0,317496,0,0,Defensa,7,https://www.futbolfantasy.com/jugadores/roger-hinojo,70%,-1,0
Raul De Tomas,0,3229388,0,0,Delantero,14,https://www.futbolfantasy.com/jugadores/raul-de-tomas,0%,-1,0
Eneko Ortiz,0,1718986,0,0,Defensa,22,https://www.futbolfantasy.com/jugadores/eneko-ortiz,0%,-1,0
Raul Jimenez,0,1561503,0,0,Portero,18,https://www.futbolfantasy.com/jugadores/raul-jimenez,0%,-1,0
Alberto Collado,0,1718988,0,0,Mediocampista,17,https://www.futbolfantasy.com/jugadores/alberto-collado,0%,-1,0
Aron Yaakobishvili,0,1639280,0,0,Portero,3,https://www.futbolfantasy.com/jugadores/aron-yaakobishvili,0%,-1,0
Llorenç Serred,0,1731552,0,0,Portero,7,https://www.futbolfantasy.com/jugadores/llorenç-serred,0%,-1,0
Coke Carrillo,0,1567556,0,0,Portero,5,https://www.futbolfantasy.com/jugadores/coke-carrillo,0%,-1,0
Etienne Eto'O,0,1718988,0,0,Delantero,14,https://www.futbolfantasy.com/jugadores/etienne-eto'o,0%,-1,0
Iker Cordoba,0,1548667,0,0,Defensa,18,https://www.futbolfantasy.com/jugadores/iker-cordoba,10%,-1,0
Arnau Sola,0,1640523,0,0,Defensa,2,https://www.futbolfantasy.com/jugadores/arnau-sola,0%,-1,0
Peio Canales,0,1623251,0,0,Delantero,1,https://www.futbolfantasy.com/jugadores/peio-canales,0%,-1,0
Ismael Santana,0,1723821,0,0,Delantero,18,https://www.futbolfantasy.com/jugadores/ismael-santana,0%,-1,0
Djordjije Medenica,0,1560264,0,0,Portero,8,https://www.futbolfantasy.com/jugadores/djordjije-medenica,0%,-1,0
Carlos Gimenez,0,1718547,0,0,Defensa,2,https://www.futbolfantasy.com/jugadores/carlos-gimenez,0%,-1,0
Isra Dominguez,0,1718237,0,0,Delantero,17,https://www.futbolfantasy.com/jugadores/isra-dominguez,0%,-1,0
Pablo Busto,0,1621161,0,0,Defensa,4,https://www.futbolfantasy.com/jugadores/pablo-busto,0%,-1,0
Hugo De Llanos,0,1622168,0,0,Mediocampista,15,https://www.futbolfantasy.com/jugadores/hugo-de-llanos,0%,-1,0
Iñaki Ruperez,0,1626247,0,0,Defensa,16,https://www.futbolfantasy.com/jugadores/iñaki-ruperez,0%,-1,0
Jon Balda,0,1718912,0,0,Defensa,16,https://www.futbolfantasy.com/jugadores/jon-balda,0%,-1,0
Aingeru Olabarrieta,0,1717797,0,0,Delantero,1,https://www.futbolfantasy.com/jugadores/aingeru-olabarrieta,0%,-1,0
Mario Rivas,0,1718751,0,0,Defensa,15,https://www.futbolfantasy.com/jugadores/mario-rivas,0%,-1,0
Vicent Abril,0,1728051,0,0,Portero,18,https://www.futbolfantasy.com/jugadores/vicent-abril,0%,-1,0
Dani Requena,0,1621683,0,0,Mediocampista,10,https://www.futbolfantasy.com/jugadores/dani-requena,10%,-1,0
Alvaro Cortes,0,1718327,0,0,Defensa,3,https://www.futbolfantasy.com/jugadores/alvaro-cortes,0%,-1,0
Aissa Mandi,0,1879755,0,0,Defensa,10,https://www.futbolfantasy.com/jugadores/aissa-mandi,90%,-1,0
Joseda Alvarez,0,300000,0,0,Defensa,28,https://www.futbolfantasy.com/jugadores/joseda-alvarez,0%,-1,0
Selu Diallo,0,1000000,0,0,Mediocampista,28,https://www.futbolfantasy.com/jugadores/selu-diallo,0%,-1,0
Tomas Mendes,0,500000,0,0,Mediocampista,28,https://www.futbolfantasy.com/jugadores/tomas-mendes,0%,-1,0
Ian Forns,0,500000,0,0,Defensa,4,https://www.futbolfantasy.com/jugadores/ian-forns,0%,-1,0
Mario Gonzalez,0,760408,0,0,Mediocampista,18,https://www.futbolfantasy.com/jugadores/mario-gonzalez,0%,-1,0
